{"cameraMode":{"drawMode":0,"name":"Shaded","section":"Shading Mode"},"sceneLighting":true,"audioPlay":false,"sceneViewState":{"m_AlwaysRefresh":false,"showFog":true,"showSkybox":true,"showFlares":true,"showImageEffects":true,"showParticleSystems":true,"showVisualEffectGraphs":true,"m_FxEnabled":true},"in2DMode":false,"pivot":{"x":16.250764846801759,"y":-2.0761971473693849,"z":17.735471725463868},"rotation":{"x":-0.19699770212173463,"y":-0.11966830492019654,"z":0.02423412911593914,"w":-0.9727712273597717},"size":96.31327056884766,"orthographic":false}